{
  "hash": "f6e8438b",
  "configHash": "dd345c53",
  "lockfileHash": "4757cc01",
  "browserHash": "e6f43ff5",
  "optimized": {
    "@angular/common/http": {
      "src": "../../../../../node_modules/@angular/common/fesm2022/http.mjs",
      "file": "@angular_common_http.js",
      "fileHash": "817e8235",
      "needsInterop": false
    },
    "@angular/core": {
      "src": "../../../../../node_modules/@angular/core/fesm2022/core.mjs",
      "file": "@angular_core.js",
      "fileHash": "447198ca",
      "needsInterop": false
    },
    "@angular/platform-browser": {
      "src": "../../../../../node_modules/@angular/platform-browser/fesm2022/platform-browser.mjs",
      "file": "@angular_platform-browser.js",
      "fileHash": "4c1da328",
      "needsInterop": false
    },
    "@angular/router": {
      "src": "../../../../../node_modules/@angular/router/fesm2022/router.mjs",
      "file": "@angular_router.js",
      "fileHash": "9c5a10ad",
      "needsInterop": false
    },
    "crypto-js": {
      "src": "../../../../../node_modules/crypto-js/index.js",
      "file": "crypto-js.js",
      "fileHash": "8476afa7",
      "needsInterop": true
    },
    "@angular/common": {
      "src": "../../../../../node_modules/@angular/common/fesm2022/common.mjs",
      "file": "@angular_common.js",
      "fileHash": "fd585006",
      "needsInterop": false
    },
    "@angular/platform-browser/animations/async": {
      "src": "../../../../../node_modules/@angular/platform-browser/fesm2022/animations/async.mjs",
      "file": "@angular_platform-browser_animations_async.js",
      "fileHash": "3a64aea8",
      "needsInterop": false
    },
    "@angular/material/select": {
      "src": "../../../../../node_modules/@angular/material/fesm2022/select.mjs",
      "file": "@angular_material_select.js",
      "fileHash": "aae89c26",
      "needsInterop": false
    },
    "@angular/material/form-field": {
      "src": "../../../../../node_modules/@angular/material/fesm2022/form-field.mjs",
      "file": "@angular_material_form-field.js",
      "fileHash": "7e00879c",
      "needsInterop": false
    },
    "@angular/material/core": {
      "src": "../../../../../node_modules/@angular/material/fesm2022/core.mjs",
      "file": "@angular_material_core.js",
      "fileHash": "5531e20c",
      "needsInterop": false
    },
    "@angular/forms": {
      "src": "../../../../../node_modules/@angular/forms/fesm2022/forms.mjs",
      "file": "@angular_forms.js",
      "fileHash": "dcce09b1",
      "needsInterop": false
    },
    "@angular/material/input": {
      "src": "../../../../../node_modules/@angular/material/fesm2022/input.mjs",
      "file": "@angular_material_input.js",
      "fileHash": "76ce9237",
      "needsInterop": false
    },
    "@angular/material/checkbox": {
      "src": "../../../../../node_modules/@angular/material/fesm2022/checkbox.mjs",
      "file": "@angular_material_checkbox.js",
      "fileHash": "6c743a4c",
      "needsInterop": false
    },
    "@angular/material/paginator": {
      "src": "../../../../../node_modules/@angular/material/fesm2022/paginator.mjs",
      "file": "@angular_material_paginator.js",
      "fileHash": "dca5c74b",
      "needsInterop": false
    }
  },
  "chunks": {
    "browser-D2CHVBTJ": {
      "file": "browser-D2CHVBTJ.js"
    },
    "chunk-RIGLHAYS": {
      "file": "chunk-RIGLHAYS.js"
    },
    "chunk-ERIA3ABU": {
      "file": "chunk-ERIA3ABU.js"
    },
    "chunk-MAAPOUP2": {
      "file": "chunk-MAAPOUP2.js"
    },
    "chunk-ZH324GIN": {
      "file": "chunk-ZH324GIN.js"
    },
    "chunk-AHCKBTDX": {
      "file": "chunk-AHCKBTDX.js"
    },
    "chunk-I6EIPGK2": {
      "file": "chunk-I6EIPGK2.js"
    },
    "chunk-XS4CHJKI": {
      "file": "chunk-XS4CHJKI.js"
    },
    "chunk-OG3WOKFV": {
      "file": "chunk-OG3WOKFV.js"
    },
    "chunk-ZPSQU2S6": {
      "file": "chunk-ZPSQU2S6.js"
    },
    "chunk-X6JV76XL": {
      "file": "chunk-X6JV76XL.js"
    }
  }
}